<?xml version="1.0" encoding="UTF-8"?>
<!DOCTYPE mapper PUBLIC "-//mybatis.org//DTD Mapper 3.0//EN" "http://mybatis.org/dtd/mybatis-3-mapper.dtd">
<mapper namespace="com.mycompany.MyZoy.dao.IMainRepository">

<resultMap id="satResultMap" type="com.mycompany.MyZoy.model.SurveyVO">
		<result property="id" column="ID" />
		<result property="sex" column="SEX" />
        <result property="age" column="AGE" />
        <result property="about_marriage" column="ABOUT_MARRIAGE" />
        <result property="marriage" column="MARRIAGE" />
        <result property="car" column="CAR" />
        <result property="house" column="HOUSE" />
        <result property="parents" column="PARENTS" />
        <result property="live_alone" column="LIVE_ALONE" />
        <result property="house_form" column="HOUSE_FORM" />
        <result property="house_rental" column="HOUSE_RENTAL" />
        <result property="health" column="HEALTH" />
        <result property="body" column="BODY" />
        <result property="exercise" column="EXERCISE" />
        <result property="work_life" column="WORK_LIFE" />
        <result property="real_dream" column="REAL_DREAM" />
        <result property="result_procedure" column="RESULT_PROCEDURE" />
        <result property="individual_group" column="INDIVIDUAL_GROUP" />
        <result property="me_other" column="ME_OTHER" />
        <result property="for_happiness" column="FOR_HAPPINESS" />
        <result property="edu" column="EDU" />
        <result property="int_family" column="INT_FAMILY" />
        <result property="int_friend" column="INT_FRIEND" />
        <result property="int_other" column="INT_OTHER" />
        <result property="sat_living" column="SAT_LIVING" />
        <result property="sat_health" column="SAT_HEALTH" />
        <result property="sat_human" column="SAT_HUMAN" />
        <result property="sat_all" column="SAT_ALL" />
        <result property="pred_living" column="SAT_LIVING" />
        <result property="pred_health" column="SAT_HEALTH" />
        <result property="pred_human" column="SAT_HUMAN" />
        <result property="pred_all" column="SAT_ALL" />
</resultMap>

<resultMap id="coefResultMap" type="com.mycompany.MyZoy.model.CoefVO">
        <result property="about_marriage" column="ABOUT_MARRIAGE" />
        <result property="marriage" column="MARRIAGE" />
        <result property="car" column="CAR" />
        <result property="house" column="HOUSE" />
        <result property="parents" column="PARENTS" />
        <result property="live_alone" column="LIVE_ALONE" />
        <result property="house_form" column="HOUSE_FORM" />
        <result property="house_rental" column="HOUSE_RENTAL" />
        <result property="health" column="HEALTH" />
        <result property="body" column="BODY" />
        <result property="exercise" column="EXERCISE" />
        <result property="work_life" column="WORK_LIFE" />
        <result property="real_dream" column="REAL_DREAM" />
        <result property="result_procedure" column="RESULT_PROCEDURE" />
        <result property="individual_group" column="INDIVIDUAL_GROUP" />
        <result property="me_other" column="ME_OTHER" />
        <result property="for_happiness" column="FOR_HAPPINESS" />
        <result property="edu" column="EDU" />
        <result property="int_family" column="INT_FAMILY" />
        <result property="int_friend" column="INT_FRIEND" />
        <result property="int_other" column="INT_OTHER" />
</resultMap>

<select id="getPredictData" parameterType="String" resultType="com.mycompany.MyZoy.model.SurveyVO">
  SELECT * FROM SURVEYDATA WHERE ID=#{id}
</select>

<select id="getCoefData" resultMap="coefResultMap">
  SELECT * FROM COEFDATA
</select>

<select id="categoryCheck" resultType="int">
  SELECT #{category} FROM SURVEYDATA WHERE Id=#{id}
</select>

<select id="getGraphData" resultType="com.mycompany.MyZoy.model.SurveyVO">
  SELECT * FROM GRAPHDATA WHERE #{category} = #{userData}
</select>

</mapper>