<?xml version="1.0" encoding="UTF-8"?>
<!DOCTYPE mapper PUBLIC "-//mybatis.org//DTD Mapper 3.0//EN" "http://mybatis.org/dtd/mybatis-3-mapper.dtd">
<mapper namespace="com.mycompany.MyZoy.dao.IMemberRepository">

<resultMap id="loginResultMap" type="com.mycompany.MyZoy.model.MemberVO">
        <result property="id" column="ID" />
        <result property="pw" column="PW" />
        <result property="name" column="NAME" />
        <result property="eMail" column="EMAIL" />
        <result property="tel" column="TEL" />
		<result property="sex" column="SEX" />
        <result property="birthday" column="BIRTHDAY" />
        <result property="isAdmin" column="ISADMIN" />
</resultMap>

<resultMap id="memberResultMap" type="com.mycompany.MyZoy.model.SurveyVO">
		<result property="id" column="ID" />
		<result property="sex" column="SEX" />
        <result property="age" column="AGE" />
        <result property="about_marriage" column="ABOUT_MARRIAGE" />
        <result property="marriage" column="MARRIAGE" />
        <result property="car" column="CAR" />
        <result property="house" column="HOUSE" />
        <result property="parents" column="PARENTS" />
        <result property="live_alone" column="LIVE_ALONE" />
        <result property="house_form" column="HOUSE_FORM" />
        <result property="house_rental" column="HOUSE_RENTAL" />
        <result property="health" column="HEALTH" />
        <result property="body" column="BODY" />
        <result property="exercise" column="EXERCISE" />
        <result property="work_life" column="WORK_LIFE" />
        <result property="real_dream" column="REAL_DREAM" />
        <result property="result_procedure" column="RESULT_PROCEDURE" />
        <result property="individual_group" column="INDIVIDUAL_GROUP" />
        <result property="me_other" column="ME_OTHER" />
        <result property="for_happiness" column="for_happiness" />
        <result property="edu" column="EDU" />
        <result property="int_family" column="INT_FAMILY" />
        <result property="int_friend" column="INT_FRIEND" />
        <result property="int_other" column="INT_OTHER" />
        <result property="sat_living" column="SAT_LIVING" />
        <result property="sat_health" column="SAT_HEALTH" />
        <result property="sat_human" column="SAT_HUMAN" />
        <result property="sat_all" column="SAT_ALL" />
        <result property="pred_living" column="SAT_LIVING" />
        <result property="pred_health" column="SAT_HEALTH" />
        <result property="pred_human" column="SAT_HUMAN" />
        <result property="pred_all" column="SAT_ALL" />
</resultMap>

<select id="insertMember" parameterType="com.mycompany.MyZoy.model.MemberVO">
  INSERT INTO MEMBERDATA (
    ID, PW, NAME, EMAIL, TEL, SEX, BIRTHDAY, ISADMIN)
  VALUES (
    #{id}, #{pw}, #{name}, #{eMail}, #{tel}, sex,
    #{birthday}, 0)
</select>

<select id="insertSurvey" parameterType="com.mycompany.MyZoy.model.SurveyVO">
  INSERT INTO SURVEYDATA (
  	ID, SEX, AGE, ABOUT_MARRIAGE, MARRIAGE, CAR, HOUSE, PARENTS, LIVE_ALONE, HOUSE_FORM,
  	HOUSE_RENTAL, HEALTH, BODY, EXERCISE, WORK_LIFE, REAL_DREAM, RESULT_PROCEDURE,
  	INDIVIDUAL_GROUP, ME_OTHER, FOR_HAPPINESS, EDU, INT_FAMILY, INT_FRIEND, INT_OTHER,
  	SAT_LIVING, SAT_HEALTH, SAT_HUMAN, SAT_ALL, PRED_LIVING, PRED_HEALTH, PRED_HUMAN, PRED_ALL)
  VALUES (
  	#{id}, #{sex}, #{age}, #{about_marriage}, #{marriage}, #{car}, #{house}, #{parents}, #{live_alone}, #{house_form},
  	#{house_rental}, #{health}, #{body}, #{exercise}, #{work_life}, #{real_dream}, #{result_procedure},
  	#{individual_group}, #{me_other}, #{for_happiness}, #{edu}, #{int_family}, #{int_friend}, #{int_other},
  	#{sat_living}, #{sat_health}, #{sat_human}, #{sat_all}, #{pred_living}, #{pred_health}, #{pred_human}, #{pred_all})
</select>

<select id="updateSurvey" parameterType="com.mycompany.MyZoy.model.SurveyVO">
  UPDATE SURVEYDATA
  	ID = #{id}, SEX = #{sex}, AGE = #{age}, ABOUT_MARRIAGE = #{about_marriage}, MARRIAGE = #{marriage},
  	CAR = #{car}, HOUSE = #{house}, PARENTS = #{parents}, LIVE_ALONE = #{live_alone}, HOUSE_FORM = #{house_form},
  	HOUSE_RENTAL = #{house_rental}, HEALTH = #{health}, BODY = #{body}, EXERCISE = #{exercise},
  	WORK_LIFE = #{work_life}, REAL_DREAM = #{real_dream}, RESULT_PROCEDURE = #{result_procedure},
  	INDIVIDUAL_GROUP = #{individual_group}, ME_OTHER = #{me_other}, FOR_HAPPINESS = #{for_happiness}, EDU = #{edu},
  	INT_FAMILY = #{int_family}, INT_FRIEND = #{int_friend}, INT_OTHER = #{int_other}, SAT_LIVING = #{sat_living},
  	SAT_HEALTH = #{sat_health}, SAT_HUMAN = #{sat_human}, SAT_ALL = #{sat_all}, PRED_LIVING = #{pred_living},
  	PRED_HEALTH = #{pred_health}, PRED_HUMAN = #{pred_human}, PRED_ALL = #{pred_all}
  WHERE id = #{id};
</select>

<select id="idCheck" resultType="int" parameterType="String">
  SELECT CASE WHEN EXISTS(
    SELECT ID FROM MEMBERDATA WHERE ID=#{id}
  ) THEN 1 ELSE 0 END AS result FROM dual;
</select>

<select id="emailCheck" resultType="int" parameterType="String">
  SELECT CASE WHEN EXISTS(
    SELECT ID FROM MEMBERDATA WHERE EMAIL=#{eMail}
  ) THEN 1 ELSE 0 END AS result FROM dual;
</select>

<select id="userCheck" resultType="Integer" parameterType="String">
  SELECT CASE
    WHEN EXISTS(SELECT ID FROM MEMBERDATA WHERE ID = #{id}) AND NOT EXISTS(SELECT ID FROM MEMBERDATA WHERE PW = #{pw}) THEN 0
    WHEN EXISTS(SELECT ID FROM MEMBERDATA WHERE ID = #{id}) AND EXISTS(SELECT ID FROM MEMBERDATA WHERE PW = #{pw}) THEN 1
    ELSE -1
  END AS result FROM DUAL
</select>

<select id="setSession" parameterType="String" resultType="com.mycompany.MyZoy.model.MemberVO">
  SELECT NAME, ISADMIN FROM MEMBERDATA WHERE ID=#{id}
</select>

<select id="getMember" parameterType="String" resultType="com.mycompany.MyZoy.model.MemberVO">
  SELECT * FROM MEMBERDATA WHERE ID=#{id}
</select>

<select id="updateMember" parameterType="com.mycompany.MyZoy.model.MemberVO">
  UPDATE MEMBERDATA
	PW =#{pw}, EMAIL= #{eMail}, TEL=#{tel}
  WHERE ID = #{id};
</select>

<select id="updateMember" parameterType="String">
  UPDATE MEMBERDATA
	PW =#{pw}
  WHERE ID = #{id};
</select>

<select id="deleteMember" parameterType="String">
  DELETE FROM MEMBERDATA WHERE ID = #{id};
</select>

<select id="deleteSurvey" parameterType="String">
  DELETE FROM SURVEYDATA WHERE ID = #{id};
</select>

<select id="findId" parameterType="String" resultType="String">
  SELECT ID FROM MEMBERDATA WHERE NAME=#{name} AND EMAIL=#{eMail}
</select>

<select id="findPw" parameterType="String" resultType="String">
  SELECT ID FROM MEMBERDATA WHERE NAME=#{eMail} AND EMAIL=#{id}
</select>

</mapper>