<?xml version="1.0" encoding="UTF-8"?>
<!DOCTYPE mapper PUBLIC "-//mybatis.org//DTD Mapper 3.0//EN" "http://mybatis.org/dtd/mybatis-3-mapper.dtd">
<mapper namespace="com.mycompany.MyZoy.dao.IMemberRepository">

<resultMap id="loginResultMap" type="com.mycompany.MyZoy.model.MemberVO">
        <result property="id" column="ID" />
        <result property="pw" column="PW" />
        <result property="name" column="NAME" />
        <result property="eMail" column="EMAIL" />
        <result property="tel" column="TEL" />
		<result property="sex" column="SEX" />
        <result property="birthday" column="BIRTHDAY" />
        <result property="isAdmin" column="ISADMIN" />
</resultMap>

<resultMap id="memberResultMap" type="com.mycompany.MyZoy.model.SurveyVO">
		<result property="id" column="ID" />
		<result property="sex" column="SEX" />
        <result property="age" column="AGE" />
        <result property="about_marriage" column="ABOUT_MARRIAGE" />
        <result property="marriage" column="MARRIAGE" />
        <result property="car" column="CAR" />
        <result property="house" column="HOUSE" />
        <result property="parents" column="PARENTS" />
        <result property="live_alone" column="LIVE_ALONE" />
        <result property="house_form" column="HOUSE_FORM" />
        <result property="house_rental" column="HOUSE_RENTAL" />
        <result property="health" column="HEALTH" />
        <result property="body" column="BODY" />
        <result property="exercise" column="EXERCISE" />
        <result property="work_life" column="WORK_LIFE" />
        <result property="real_dream" column="REAL_DREAM" />
        <result property="result_procedure" column="RESULT_PROCEDURE" />
        <result property="individual_group" column="INDIVIDUAL_GROUP" />
        <result property="me_other" column="ME_OTHER" />
        <result property="for_happiness" column="for_happiness" />
        <result property="edu" column="EDU" />
        <result property="int_family" column="INT_FAMILY" />
        <result property="int_friend" column="INT_FRIEND" />
        <result property="int_other" column="INT_OTHER" />
        <result property="sat_living" column="SAT_LIVING" />
        <result property="sat_health" column="SAT_HEALTH" />
        <result property="sat_human" column="SAT_HUMAN" />
        <result property="sat_all" column="SAT_ALL" />
        <result property="pred_living" column="SAT_LIVING" />
        <result property="pred_health" column="SAT_HEALTH" />
        <result property="pred_human" column="SAT_HUMAN" />
        <result property="pred_all" column="SAT_ALL" />
</resultMap>

<select id="insertMember" parameterType="com.mycompany.MyZoy.model.MemberVO">
  INSERT INTO MEMBERDATA (
    ID, PW, NAME, EMAIL, TEL, SEX, BIRTHDAY, ISADMIN)
  VALUES (
    #{vo.id}, #{vo.pw}, #{vo.name}, #{vo.eMail}, #{vo.tel}, #{vo.sex},
    #{vo.birthday}, 0)
</select>

<select id="insertSurvey" parameterType="com.mycompany.MyZoy.model.SurveyVO">
  INSERT INTO SURVEYDATA (
  	ID, SEX, AGE, ABOUT_MARRIAGE, MARRIAGE, CAR, HOUSE, PARENTS, LIVE_ALONE, HOUSE_FORM,
  	HOUSE_RENTAL, HEALTH, BODY, EXERCISE, WORK_LIFE, REAL_DREAM, RESULT_PROCEDURE,
  	INDIVIDUAL_GROUP, ME_OTHER, FOR_HAPPINESS, EDU, INT_FAMILY, INT_FRIEND, INT_OTHER,
  	SAT_LIVING, SAT_HEALTH, SAT_HUMAN, SAT_ALL, PRED_LIVING, PRED_HEALTH, PRED_HUMAN, PRED_ALL)
  VALUES (
  	#{vo.id}, #{vo.sex}, #{vo.age}, #{vo.about_marriage}, #{vo.marriage}, #{vo.car}, #{vo.house}, #{vo.parents}, #{vo.live_alone}, #{vo.house_form},
  	#{vo.house_rental}, #{vo.health}, #{vo.body}, #{vo.exercise}, #{vo.work_life}, #{vo.real_dream}, #{vo.result_procedure},
  	#{vo.individual_group}, #{vo.me_other}, #{vo.for_happiness}, #{vo.edu}, #{vo.int_family}, #{vo.int_friend}, #{vo.int_other},
  	#{vo.sat_living}, #{vo.sat_health}, #{vo.sat_human}, #{vo.sat_all}, #{vo.pred_living}, #{vo.pred_health}, #{vo.pred_human}, #{vo.pred_all})
</select>

<select id="updateSurvey" parameterType="com.mycompany.MyZoy.model.SurveyVO">
  UPDATE SURVEYDATA
  SET
  	ID = #{vo.id}, SEX = #{vo.sex}, AGE = #{vo.age}, ABOUT_MARRIAGE = #{vo.about_marriage}, MARRIAGE = #{vo.marriage},
  	CAR = #{vo.car}, HOUSE = #{vo.house}, PARENTS = #{vo.parents}, LIVE_ALONE = #{vo.live_alone}, HOUSE_FORM = #{vo.house_form},
  	HOUSE_RENTAL = #{vo.house_rental}, HEALTH = #{vo.health}, BODY = #{vo.body}, EXERCISE = #{vo.exercise},
  	WORK_LIFE = #{vo.work_life}, REAL_DREAM = #{vo.real_dream}, RESULT_PROCEDURE = #{vo.result_procedure},
  	INDIVIDUAL_GROUP = #{vo.individual_group}, ME_OTHER = #{vo.me_other}, FOR_HAPPINESS = #{vo.for_happiness}, EDU = #{vo.edu},
  	INT_FAMILY = #{vo.int_family}, INT_FRIEND = #{vo.int_friend}, INT_OTHER = #{vo.int_other}, SAT_LIVING = #{vo.sat_living},
  	SAT_HEALTH = #{vo.sat_health}, SAT_HUMAN = #{vo.sat_human}, SAT_ALL = #{vo.sat_all}, PRED_LIVING = #{vo.pred_living},
  	PRED_HEALTH = #{vo.pred_health}, PRED_HUMAN = #{vo.pred_human}, PRED_ALL = #{vo.pred_all}
  WHERE id = #{vo.id}
</select>

<select id="getSurvey" parameterType="String" resultType="com.mycompany.MyZoy.model.SurveyVO">
  SELECT * FROM SURVEYDATA WHERE ID=#{id}
</select>

<select id="idCheck" resultType="int" parameterType="String">
  SELECT CASE WHEN EXISTS(
    SELECT ID FROM MEMBERDATA WHERE ID=#{id}
  ) THEN 1 ELSE 0 END AS result FROM dual
</select>

<select id="emailCheck" resultType="int" parameterType="String">
  SELECT CASE WHEN EXISTS(
    SELECT ID FROM MEMBERDATA WHERE EMAIL=#{eMail}
  ) THEN 1 ELSE 0 END AS result FROM dual
</select>

<select id="userCheck" resultType="Integer" parameterType="String">
  SELECT CASE
    WHEN EXISTS(SELECT ID FROM MEMBERDATA WHERE ID = #{id}) AND NOT EXISTS(SELECT ID FROM MEMBERDATA WHERE PW = #{pw}) THEN 0
    WHEN EXISTS(SELECT ID FROM MEMBERDATA WHERE ID = #{id}) AND EXISTS(SELECT ID FROM MEMBERDATA WHERE PW = #{pw}) THEN 1
    ELSE -1
  END AS result FROM DUAL
</select>

<select id="setSession" parameterType="String" resultType="com.mycompany.MyZoy.model.MemberVO">
  SELECT NAME, ISADMIN FROM MEMBERDATA WHERE ID=#{id}
</select>

<select id="getMember" parameterType="String" resultType="com.mycompany.MyZoy.model.MemberVO">
  SELECT * FROM MEMBERDATA WHERE ID=#{id}
</select>

<select id="updateMember" parameterType="com.mycompany.MyZoy.model.MemberVO">
  UPDATE MEMBERDATA
	SET
    PW =#{vo.pw}
    <if test="vo.eMail != null">, EMAIL= #{vo.eMail}</if>
    <if test="vo.tel != null">, TEL=#{vo.tel}</if> WHERE ID = #{vo.id}
</select>

<select id="deleteMember" parameterType="String">
  DELETE FROM MEMBERDATA WHERE ID = #{id}
</select>

<select id="deleteSurvey" parameterType="String">
  DELETE FROM SURVEYDATA WHERE ID = #{id}
</select>

<select id="findId" parameterType="string" resultType="com.mycompany.MyZoy.model.MemberVO">
  SELECT * FROM MEMBERDATA WHERE EMAIL=#{eMail}
</select>

<select id="findPw" parameterType="String" resultType="String">
  SELECT ID FROM MEMBERDATA WHERE NAME=#{eMail} AND EMAIL=#{id}
</select>

</mapper>