<?xml version="1.0" encoding="UTF-8"?>
<beans xmlns="http://www.springframework.org/schema/beans"
	xmlns:xsi="http://www.w3.org/2001/XMLSchema-instance"
	xmlns:mvc="http://www.springframework.org/schema/mvc"
	xmlns:context="http://www.springframework.org/schema/context"
	xsi:schemaLocation="http://www.springframework.org/schema/mvc https://www.springframework.org/schema/mvc/spring-mvc.xsd
		http://www.springframework.org/schema/beans https://www.springframework.org/schema/beans/spring-beans.xsd
		http://www.springframework.org/schema/context https://www.springframework.org/schema/context/spring-context.xsd">

	<!-- DispatcherServlet Context: defines this servlet's request-processing infrastructure -->
	
	<!-- controller Component Scan -->
	<context:component-scan base-package="com.mycompany.MyZoy.controller" />
	
	<!-- Handles HTTP GET requests for /resources/** by efficiently serving up static resources in the ${webappRoot}/MyZoy/resources directory -->
	<mvc:resources mapping="/resources/**" location="/resources/" />
	
	<!-- Enables the Spring MVC @Controller programming model -->
	<mvc:annotation-driven />
	
	<!-- View Resolver -->
	<bean class="org.springframework.web.servlet.view.InternalResourceViewResolver">
		<property name="prefix" value="/WEB-INF/views/" />
		<property name="suffix" value=".jsp" />
	</bean>
	
	<!-- mvc:view-controller -->
	<mvc:view-controller path="/" view-name="index" />
	<mvc:view-controller path="/index" view-name="index" />
	
	<!-- member Mapping -->
	<mvc:view-controller path="/login" view-name="member/login" /> <!-- 로그인 화면 -->
	<mvc:view-controller path="/join" view-name="member/join" /> <!-- 회원가입 화면 -->
	
	<!-- board Mapping -->
	<mvc:view-controller path="/board" view-name="board/list" /> <!-- 게시판 목록 -->
	<mvc:view-controller path="/posting" view-name="board/posting" /> <!-- 게시글 작성 -->
	
	<!-- mvc:resouces -->
	
	<!-- exception handling -->
	
<!-- 	<bean id="exceptionResolver" class="org.springframework.web.servlet.handler.SimpleMappingExceptionResolver">
	  <property name="exceptionMappings">
	    <props>
	      <prop key="java.lang.RuntimeException">
	        /error
	      </prop>
	    </props>
	  </property>
	  <property name="defaultErrorView" value="error"></property>
	</bean> -->
</beans>